{
  "token": 3761,
  "expert_kl_divergences": {
    "Expert_0": 0.0007812551380871591,
    "Expert_1": 0.00010657651477648418,
    "Expert_2": 0.0018868115937772031,
    "Expert_3": 0.003657222177318448,
    "Expert_4": 0.02627870109798979,
    "Expert_5": 0.00020753548841244591,
    "Expert_6": 0.006246837614801284,
    "Expert_7": 0.00032112401034644494,
    "Expert_8": 0.0062337563288345,
    "Expert_9": 0.009274871867047087,
    "Expert_10": 0.05506577895205873,
    "Expert_11": 0.0037240712460497646,
    "Expert_12": 0.0006189850341964769,
    "Expert_13": 0.0002855744818948073,
    "Expert_14": 0.004536782226628571,
    "Expert_15": 0.00014146661485302942,
    "Expert_16": 0.0026401448071286925,
    "Expert_17": 0.006159151167502408,
    "Expert_18": 1.6855209224618181e-06,
    "Expert_19": 0.001297812824272446,
    "Expert_20": 0.003679239357394368,
    "Expert_21": 0.003841600094424787,
    "Expert_22": 0.017021835965967777,
    "Expert_23": 6.325050314589034e-06,
    "Expert_24": 0.0006430402807279783,
    "Expert_25": 0.008024622670379872,
    "Expert_26": 0.0004566971711456539,
    "Expert_27": 0.00010634480887789996,
    "Expert_28": 0.003088508850769698,
    "Expert_29": 0.0010269137529428703,
    "Expert_30": 0.0012957583863349286,
    "Expert_31": 0.001413963212234453,
    "Expert_32": 0.002846117670938288,
    "Expert_33": 0.0017026479899575004,
    "Expert_34": 0.0017768531303663654,
    "Expert_35": 0.0005512957420744239,
    "Expert_36": 0.00034927933602759385,
    "Expert_37": 0.0030611727288245797,
    "Expert_38": 2.5462430141230327e-05,
    "Expert_39": 3.356868700135889e-05,
    "Expert_40": 0.00015081499516341086,
    "Expert_41": 0.0013386019256780637,
    "Expert_42": 0.04805936793091522,
    "Expert_43": 0.0007834439332473605,
    "Expert_44": 0.2234872891279102,
    "Expert_45": 0.0003786565198821822,
    "Expert_46": 0.018234596451509495,
    "Expert_47": 0.001602327901944067,
    "Expert_48": 0.00037572898390829737,
    "Expert_49": 0.0004348561729447791,
    "Expert_50": 0.09277071782639329,
    "Expert_51": 0.0030215097019857503,
    "Expert_52": 0.0008722285225697644,
    "Expert_53": 8.095045549002394e-05,
    "Expert_54": 0.00012088460213088674,
    "Expert_55": 0.00014232308238848468,
    "Expert_56": 0.0001005273109431961,
    "Expert_57": 8.825091901162093e-05,
    "Expert_58": 0.004360584351001711,
    "Expert_59": 2.405233535866455e-06,
    "Expert_60": 0.055746917097350586,
    "Expert_61": 0.031605516405201275,
    "Expert_62": 0.002369888975139898,
    "Expert_63": 8.955350363760821e-05
  },
  "total_kl_divergence": 0.6666353339536275
}