{
  "token": 11288,
  "expert_kl_divergences": {
    "Expert_0": 0.009453152321398161,
    "Expert_1": 0.0010285437104599988,
    "Expert_2": 0.019584900520401495,
    "Expert_3": 4.717867089935879e-06,
    "Expert_4": 0.0011487151426666509,
    "Expert_5": 0.001311021631701912,
    "Expert_6": 0.00022197336573581824,
    "Expert_7": 0.039499575999606906,
    "Expert_8": 0.0001660485313056282,
    "Expert_9": 8.936434448928235e-05,
    "Expert_10": 0.0015351983129790721,
    "Expert_11": 5.294601192123516e-05,
    "Expert_12": 5.617166773176294e-06,
    "Expert_13": 0.0025187000490325545,
    "Expert_14": 0.0005910418768493853,
    "Expert_15": 0.017322743208425296,
    "Expert_16": 0.0025415154277968455,
    "Expert_17": 0.010948062989407141,
    "Expert_18": 0.024757676308353425,
    "Expert_19": 0.007494485665606062,
    "Expert_20": 0.00031472358405389665,
    "Expert_21": 0.011316649822444161,
    "Expert_22": 0.07835270653967723,
    "Expert_23": 0.09321935747960607,
    "Expert_24": 0.015701430149906687,
    "Expert_25": 0.020602156639143665,
    "Expert_26": 0.006064220730911743,
    "Expert_27": 0.016441127176231966,
    "Expert_28": 0.0048595578386885635,
    "Expert_29": 0.001402839609569292,
    "Expert_30": 0.0035555194108879157,
    "Expert_31": 0.002382737880591814,
    "Expert_32": 0.013335462617916394,
    "Expert_33": 0.00034754765027922253,
    "Expert_34": 0.009891338857553004,
    "Expert_35": 5.117969614477219e-05,
    "Expert_36": 0.000620581869318463,
    "Expert_37": 0.0013117257924501512,
    "Expert_38": 0.00026157149098147287,
    "Expert_39": 0.0020486646811386997,
    "Expert_40": 0.0006558526270959118,
    "Expert_41": 0.00032910905912099213,
    "Expert_42": 4.5087010477548595e-07,
    "Expert_43": 0.0030803803117042863,
    "Expert_44": 0.03379181081642356,
    "Expert_45": 0.0075431085569666705,
    "Expert_46": 0.0002929948593938213,
    "Expert_47": 0.0017111498387582594,
    "Expert_48": 0.001184903696533705,
    "Expert_49": 0.016686672542135173,
    "Expert_50": 0.00037879401215020793,
    "Expert_51": 0.027247515854777464,
    "Expert_52": 3.541442891226605e-05,
    "Expert_53": 0.00038343677089589315,
    "Expert_54": 0.041663726808104755,
    "Expert_55": 2.180783130819111e-05,
    "Expert_56": 0.10416141030729134,
    "Expert_57": 0.0007433434999750991,
    "Expert_58": 0.0005747280910692043,
    "Expert_59": 0.01383466885451879,
    "Expert_60": 0.0009808327146492717,
    "Expert_61": 0.07657686840049456,
    "Expert_62": 0.008034431762744074,
    "Expert_63": 0.0013282547259072693
  },
  "total_kl_divergence": 0.7635987672105308
}