{
  "token": 11288,
  "expert_kl_divergences": {
    "Expert_0": 0.013822967716602026,
    "Expert_1": 0.0008376724012587114,
    "Expert_2": 0.02823257784546524,
    "Expert_3": 4.672694812931852e-06,
    "Expert_4": 0.0013771582953915314,
    "Expert_5": 0.0015263539795864131,
    "Expert_6": 0.0002516992507180229,
    "Expert_7": 0.020351488535727633,
    "Expert_8": 0.0001573097508894613,
    "Expert_9": 9.316885204474663e-05,
    "Expert_10": 0.0021342830624215495,
    "Expert_11": 5.6941361584724424e-05,
    "Expert_12": 5.563769443583597e-06,
    "Expert_13": 0.003731132175420142,
    "Expert_14": 0.000656858469318105,
    "Expert_15": 0.03211484009776097,
    "Expert_16": 0.001914476454697011,
    "Expert_17": 0.015629242566049195,
    "Expert_18": 0.014715031691438046,
    "Expert_19": 0.00485888986834053,
    "Expert_20": 0.0003451279819312054,
    "Expert_21": 0.007140513588838167,
    "Expert_22": 0.04711764193658574,
    "Expert_23": 0.20760350222545093,
    "Expert_24": 0.011297229743954633,
    "Expert_25": 0.01371199251625805,
    "Expert_26": 0.00751144062084157,
    "Expert_27": 0.011720147444392141,
    "Expert_28": 0.006978517680536932,
    "Expert_29": 0.0011820673447893015,
    "Expert_30": 0.002850719777084884,
    "Expert_31": 0.0028554872669581607,
    "Expert_32": 0.006777143963150871,
    "Expert_33": 0.00030801155487578374,
    "Expert_34": 0.013784145691466389,
    "Expert_35": 5.307774991017422e-05,
    "Expert_36": 0.0005507112680224451,
    "Expert_37": 0.001007966138944931,
    "Expert_38": 0.00024789273059651687,
    "Expert_39": 0.0017425175198138368,
    "Expert_40": 0.000809092988603495,
    "Expert_41": 0.0003756955921363249,
    "Expert_42": 4.52197229727086e-07,
    "Expert_43": 0.004052155240056249,
    "Expert_44": 0.01793189511834603,
    "Expert_45": 0.012262145245310416,
    "Expert_46": 0.0003481677744776304,
    "Expert_47": 0.001509509986095215,
    "Expert_48": 0.0010374463797677529,
    "Expert_49": 0.009596328321928535,
    "Expert_50": 0.000423118269767442,
    "Expert_51": 0.017694693379021863,
    "Expert_52": 3.4511908311097433e-05,
    "Expert_53": 0.00034222870957183356,
    "Expert_54": 0.09430696626703843,
    "Expert_55": 2.1138978102633148e-05,
    "Expert_56": 0.035712118261437956,
    "Expert_57": 0.0006389393412688966,
    "Expert_58": 0.0006480355743881368,
    "Expert_59": 0.018327163147653744,
    "Expert_60": 0.0007794338292832206,
    "Expert_61": 0.02734788574991684,
    "Expert_62": 0.013192827167413285,
    "Expert_63": 0.000996209822701319
  },
  "total_kl_divergence": 0.7456463428332013
}